{
	"start":	{
		"connected":	[{
				"socket":	5,
				"local_host":	"10.60.0.1",
				"local_port":	37872,
				"remote_host":	"10.200.200.2",
				"remote_port":	5201
			}],
		"version":	"iperf 3.18",
		"system_info":	"Linux 9e806dcfccdb 5.4.0-216-generic #236-Ubuntu SMP Fri Apr 11 19:53:21 UTC 2025 x86_64",
		"timestamp":	{
			"time":	"Fri, 13 Mar 2026 00:50:12 GMT",
			"timesecs":	1773363012
		},
		"connecting_to":	{
			"host":	"10.200.200.2",
			"port":	5201
		},
		"cookie":	"xckkuh6pnrwrqisio7perqqentubtsgbc3zk",
		"target_bitrate":	25000000,
		"fq_rate":	0,
		"sock_bufsize":	0,
		"sndbuf_actual":	212992,
		"rcvbuf_actual":	212992,
		"test_start":	{
			"protocol":	"UDP",
			"num_streams":	1,
			"blksize":	1400,
			"omit":	0,
			"duration":	30,
			"bytes":	0,
			"blocks":	0,
			"reverse":	0,
			"tos":	0,
			"target_bitrate":	25000000,
			"bidir":	0,
			"fqrate":	0,
			"interval":	1
		}
	},
	"intervals":	[{
			"streams":	[{
					"socket":	5,
					"start":	0,
					"end":	1.001132,
					"seconds":	1.0011320114135742,
					"bytes":	3127600,
					"bits_per_second":	24992508.19546888,
					"packets":	2234,
					"omitted":	false,
					"sender":	true
				}],
			"sum":	{
				"start":	0,
				"end":	1.001132,
				"seconds":	1.0011320114135742,
				"bytes":	3127600,
				"bits_per_second":	24992508.19546888,
				"packets":	2234,
				"omitted":	false,
				"sender":	true
			}
		}, {
			"streams":	[{
					"socket":	5,
					"start":	1.001132,
					"end":	2.001309,
					"seconds":	1.0001770257949829,
					"bytes":	3126200,
					"bits_per_second":	25005173.439293224,
					"packets":	2234,
					"omitted":	false,
					"sender":	true
				}],
			"sum":	{
				"start":	1.001132,
				"end":	2.001309,
				"seconds":	1.0001770257949829,
				"bytes":	3126200,
				"bits_per_second":	25005173.439293224,
				"packets":	2234,
				"omitted":	false,
				"sender":	true
			}
		}, {
			"streams":	[{
					"socket":	5,
					"start":	2.001309,
					"end":	3.001532,
					"seconds":	1.0002230405807495,
					"bytes":	3124800,
					"bits_per_second":	24992825.5856668,
					"packets":	2232,
					"omitted":	false,
					"sender":	true
				}],
			"sum":	{
				"start":	2.001309,
				"end":	3.001532,
				"seconds":	1.0002230405807495,
				"bytes":	3124800,
				"bits_per_second":	24992825.5856668,
				"packets":	2232,
				"omitted":	false,
				"sender":	true
			}
		}, {
			"streams":	[{
					"socket":	5,
					"start":	3.001532,
					"end":	4.001186,
					"seconds":	0.999653995037079,
					"bytes":	3123400,
					"bits_per_second":	24995848.687698368,
					"packets":	2232,
					"omitted":	false,
					"sender":	true
				}],
			"sum":	{
				"start":	3.001532,
				"end":	4.001186,
				"seconds":	0.999653995037079,
				"bytes":	3123400,
				"bits_per_second":	24995848.687698368,
				"packets":	2232,
				"omitted":	false,
				"sender":	true
			}
		}, {
			"streams":	[{
					"socket":	5,
					"start":	4.001186,
					"end":	5.001394,
					"seconds":	1.0002080202102661,
					"bytes":	3126200,
					"bits_per_second":	25004398.579749864,
					"packets":	2232,
					"omitted":	false,
					"sender":	true
				}],
			"sum":	{
				"start":	4.001186,
				"end":	5.001394,
				"seconds":	1.0002080202102661,
				"bytes":	3126200,
				"bits_per_second":	25004398.579749864,
				"packets":	2232,
				"omitted":	false,
				"sender":	true
			}
		}, {
			"streams":	[{
					"socket":	5,
					"start":	5.001394,
					"end":	6.001027,
					"seconds":	0.999633014202118,
					"bytes":	3123400,
					"bits_per_second":	24996373.3140048,
					"packets":	2231,
					"omitted":	false,
					"sender":	true
				}],
			"sum":	{
				"start":	5.001394,
				"end":	6.001027,
				"seconds":	0.999633014202118,
				"bytes":	3123400,
				"bits_per_second":	24996373.3140048,
				"packets":	2231,
				"omitted":	false,
				"sender":	true
			}
		}, {
			"streams":	[{
					"socket":	5,
					"start":	6.001027,
					"end":	7.001177,
					"seconds":	1.0001499652862549,
					"bytes":	3124800,
					"bits_per_second":	24994651.66990748,
					"packets":	2233,
					"omitted":	false,
					"sender":	true
				}],
			"sum":	{
				"start":	6.001027,
				"end":	7.001177,
				"seconds":	1.0001499652862549,
				"bytes":	3124800,
				"bits_per_second":	24994651.66990748,
				"packets":	2233,
				"omitted":	false,
				"sender":	true
			}
		}, {
			"streams":	[{
					"socket":	5,
					"start":	7.001177,
					"end":	8.001373,
					"seconds":	1.0001959800720215,
					"bytes":	3127600,
					"bits_per_second":	25015897.382629272,
					"packets":	2233,
					"omitted":	false,
					"sender":	true
				}],
			"sum":	{
				"start":	7.001177,
				"end":	8.001373,
				"seconds":	1.0001959800720215,
				"bytes":	3127600,
				"bits_per_second":	25015897.382629272,
				"packets":	2233,
				"omitted":	false,
				"sender":	true
			}
		}, {
			"streams":	[{
					"socket":	5,
					"start":	8.001373,
					"end":	9.001025,
					"seconds":	0.99965202808380127,
					"bytes":	3122000,
					"bits_per_second":	24984693.971837018,
					"packets":	2231,
					"omitted":	false,
					"sender":	true
				}],
			"sum":	{
				"start":	8.001373,
				"end":	9.001025,
				"seconds":	0.99965202808380127,
				"bytes":	3122000,
				"bits_per_second":	24984693.971837018,
				"packets":	2231,
				"omitted":	false,
				"sender":	true
			}
		}, {
			"streams":	[{
					"socket":	5,
					"start":	9.001025,
					"end":	10.001018,
					"seconds":	0.99999302625656128,
					"bytes":	3126200,
					"bits_per_second":	25009774.411750209,
					"packets":	2232,
					"omitted":	false,
					"sender":	true
				}],
			"sum":	{
				"start":	9.001025,
				"end":	10.001018,
				"seconds":	0.99999302625656128,
				"bytes":	3126200,
				"bits_per_second":	25009774.411750209,
				"packets":	2232,
				"omitted":	false,
				"sender":	true
			}
		}, {
			"streams":	[{
					"socket":	5,
					"start":	10.001018,
					"end":	11.001137,
					"seconds":	1.0001189708709717,
					"bytes":	3124800,
					"bits_per_second":	24995426.272366069,
					"packets":	2232,
					"omitted":	false,
					"sender":	true
				}],
			"sum":	{
				"start":	10.001018,
				"end":	11.001137,
				"seconds":	1.0001189708709717,
				"bytes":	3124800,
				"bits_per_second":	24995426.272366069,
				"packets":	2232,
				"omitted":	false,
				"sender":	true
			}
		}, {
			"streams":	[{
					"socket":	5,
					"start":	11.001137,
					"end":	12.001076,
					"seconds":	0.99993902444839478,
					"bytes":	3124800,
					"bits_per_second":	24999924.384179413,
					"packets":	2232,
					"omitted":	false,
					"sender":	true
				}],
			"sum":	{
				"start":	11.001137,
				"end":	12.001076,
				"seconds":	0.99993902444839478,
				"bytes":	3124800,
				"bits_per_second":	24999924.384179413,
				"packets":	2232,
				"omitted":	false,
				"sender":	true
			}
		}, {
			"streams":	[{
					"socket":	5,
					"start":	12.001076,
					"end":	13.001285,
					"seconds":	1.0002089738845825,
					"bytes":	3124800,
					"bits_per_second":	24993177.0786978,
					"packets":	2233,
					"omitted":	false,
					"sender":	true
				}],
			"sum":	{
				"start":	12.001076,
				"end":	13.001285,
				"seconds":	1.0002089738845825,
				"bytes":	3124800,
				"bits_per_second":	24993177.0786978,
				"packets":	2233,
				"omitted":	false,
				"sender":	true
			}
		}, {
			"streams":	[{
					"socket":	5,
					"start":	13.001285,
					"end":	14.001141,
					"seconds":	0.99985599517822266,
					"bytes":	3126200,
					"bits_per_second":	25013202.021699216,
					"packets":	2232,
					"omitted":	false,
					"sender":	true
				}],
			"sum":	{
				"start":	13.001285,
				"end":	14.001141,
				"seconds":	0.99985599517822266,
				"bytes":	3126200,
				"bits_per_second":	25013202.021699216,
				"packets":	2232,
				"omitted":	false,
				"sender":	true
			}
		}, {
			"streams":	[{
					"socket":	5,
					"start":	14.001141,
					"end":	15.00112,
					"seconds":	0.999979019165039,
					"bytes":	3123400,
					"bits_per_second":	24987724.263318818,
					"packets":	2232,
					"omitted":	false,
					"sender":	true
				}],