{
	"start":	{
		"connected":	[{
				"socket":	5,
				"local_host":	"10.61.0.1",
				"local_port":	60930,
				"remote_host":	"10.200.200.2",
				"remote_port":	5202
			}],
		"version":	"iperf 3.18",
		"system_info":	"Linux 9e806dcfccdb 5.4.0-216-generic #236-Ubuntu SMP Fri Apr 11 19:53:21 UTC 2025 x86_64",
		"timestamp":	{
			"time":	"Fri, 13 Mar 2026 00:52:13 GMT",
			"timesecs":	1773363133
		},
		"connecting_to":	{
			"host":	"10.200.200.2",
			"port":	5202
		},
		"cookie":	"v45rhix4eb7qjwinitxaiw3xf35jrehd6e55",
		"target_bitrate":	25000000,
		"fq_rate":	0,
		"sock_bufsize":	0,
		"sndbuf_actual":	212992,
		"rcvbuf_actual":	212992,
		"test_start":	{
			"protocol":	"UDP",
			"num_streams":	1,
			"blksize":	1400,
			"omit":	0,
			"duration":	30,
			"bytes":	0,
			"blocks":	0,
			"reverse":	0,
			"tos":	0,
			"target_bitrate":	25000000,
			"bidir":	0,
			"fqrate":	0,
			"interval":	1
		}
	},
	"intervals":	[{
			"streams":	[{
					"socket":	5,
					"start":	0,
					"end":	1.001203,
					"seconds":	1.0012029409408569,
					"bytes":	3127600,
					"bits_per_second":	24990737.6185764,
					"packets":	2235,
					"omitted":	false,
					"sender":	true
				}],
			"sum":	{
				"start":	0,
				"end":	1.001203,
				"seconds":	1.0012029409408569,
				"bytes":	3127600,
				"bits_per_second":	24990737.6185764,
				"packets":	2235,
				"omitted":	false,
				"sender":	true
			}
		}, {
			"streams":	[{
					"socket":	5,
					"start":	1.001203,
					"end":	2.001393,
					"seconds":	1.0001900196075439,
					"bytes":	3126200,
					"bits_per_second":	25004848.588484522,
					"packets":	2233,
					"omitted":	false,
					"sender":	true
				}],
			"sum":	{
				"start":	1.001203,
				"end":	2.001393,
				"seconds":	1.0001900196075439,
				"bytes":	3126200,
				"bits_per_second":	25004848.588484522,
				"packets":	2233,
				"omitted":	false,
				"sender":	true
			}
		}, {
			"streams":	[{
					"socket":	5,
					"start":	2.001393,
					"end":	3.001092,
					"seconds":	0.99969899654388428,
					"bytes":	3123400,
					"bits_per_second":	24994723.4981576,
					"packets":	2231,
					"omitted":	false,
					"sender":	true
				}],
			"sum":	{
				"start":	2.001393,
				"end":	3.001092,
				"seconds":	0.99969899654388428,
				"bytes":	3123400,
				"bits_per_second":	24994723.4981576,
				"packets":	2231,
				"omitted":	false,
				"sender":	true
			}
		}, {
			"streams":	[{
					"socket":	5,
					"start":	3.001092,
					"end":	4.001297,
					"seconds":	1.0002050399780273,
					"bytes":	3126200,
					"bits_per_second":	25004473.0833884,
					"packets":	2233,
					"omitted":	false,
					"sender":	true
				}],
			"sum":	{
				"start":	3.001092,
				"end":	4.001297,
				"seconds":	1.0002050399780273,
				"bytes":	3126200,
				"bits_per_second":	25004473.0833884,
				"packets":	2233,
				"omitted":	false,
				"sender":	true
			}
		}, {
			"streams":	[{
					"socket":	5,
					"start":	4.001297,
					"end":	5.000501,
					"seconds":	0.99920397996902466,
					"bytes":	3122000,
					"bits_per_second":	24995897.234891176,
					"packets":	2230,
					"omitted":	false,
					"sender":	true
				}],
			"sum":	{
				"start":	4.001297,
				"end":	5.000501,
				"seconds":	0.99920397996902466,
				"bytes":	3122000,
				"bits_per_second":	24995897.234891176,
				"packets":	2230,
				"omitted":	false,
				"sender":	true
			}
		}, {
			"streams":	[{
					"socket":	5,
					"start":	5.000501,
					"end":	6.001173,
					"seconds":	1.0006719827651978,
					"bytes":	3127600,
					"bits_per_second":	25003997.744454682,
					"packets":	2234,
					"omitted":	false,
					"sender":	true
				}],
			"sum":	{
				"start":	5.000501,
				"end":	6.001173,
				"seconds":	1.0006719827651978,
				"bytes":	3127600,
				"bits_per_second":	25003997.744454682,
				"packets":	2234,
				"omitted":	false,
				"sender":	true
			}
		}, {
			"streams":	[{
					"socket":	5,
					"start":	6.001173,
					"end":	7.001399,
					"seconds":	1.0002260208129883,
					"bytes":	3124800,
					"bits_per_second":	24992751.118073478,
					"packets":	2231,
					"omitted":	false,
					"sender":	true
				}],
			"sum":	{
				"start":	6.001173,
				"end":	7.001399,
				"seconds":	1.0002260208129883,
				"bytes":	3124800,
				"bits_per_second":	24992751.118073478,
				"packets":	2231,
				"omitted":	false,
				"sender":	true
			}
		}, {
			"streams":	[{
					"socket":	5,
					"start":	7.001399,
					"end":	8.000075,
					"seconds":	0.99867600202560425,
					"bytes":	3123400,
					"bits_per_second":	25020326.862084121,
					"packets":	2231,
					"omitted":	false,
					"sender":	true
				}],
			"sum":	{
				"start":	7.001399,
				"end":	8.000075,
				"seconds":	0.99867600202560425,
				"bytes":	3123400,
				"bits_per_second":	25020326.862084121,
				"packets":	2231,
				"omitted":	false,
				"sender":	true
			}
		}, {
			"streams":	[{
					"socket":	5,
					"start":	8.000075,
					"end":	9.001254,
					"seconds":	1.0011789798736572,
					"bytes":	3126200,
					"bits_per_second":	24980148.907197453,
					"packets":	2234,
					"omitted":	false,
					"sender":	true
				}],
			"sum":	{
				"start":	8.000075,
				"end":	9.001254,
				"seconds":	1.0011789798736572,
				"bytes":	3126200,
				"bits_per_second":	24980148.907197453,
				"packets":	2234,
				"omitted":	false,
				"sender":	true
			}
		}, {
			"streams":	[{
					"socket":	5,
					"start":	9.001254,
					"end":	10.001223,
					"seconds":	0.9999690055847168,
					"bytes":	3126200,
					"bits_per_second":	25010375.181954779,
					"packets":	2232,
					"omitted":	false,
					"sender":	true
				}],
			"sum":	{
				"start":	9.001254,
				"end":	10.001223,
				"seconds":	0.9999690055847168,
				"bytes":	3126200,
				"bits_per_second":	25010375.181954779,
				"packets":	2232,
				"omitted":	false,
				"sender":	true
			}
		}, {
			"streams":	[{
					"socket":	5,
					"start":	10.001223,
					"end":	11.001146,
					"seconds":	0.9999229907989502,
					"bytes":	3124800,
					"bits_per_second":	25000325.255073879,
					"packets":	2232,
					"omitted":	false,
					"sender":	true
				}],
			"sum":	{
				"start":	10.001223,
				"end":	11.001146,
				"seconds":	0.9999229907989502,
				"bytes":	3124800,
				"bits_per_second":	25000325.255073879,
				"packets":	2232,
				"omitted":	false,
				"sender":	true
			}
		}, {
			"streams":	[{
					"socket":	5,
					"start":	11.001146,
					"end":	12.001336,
					"seconds":	1.0001900196075439,
					"bytes":	3126200,
					"bits_per_second":	25004848.588484522,
					"packets":	2233,
					"omitted":	false,
					"sender":	true
				}],
			"sum":	{
				"start":	11.001146,
				"end":	12.001336,
				"seconds":	1.0001900196075439,
				"bytes":	3126200,
				"bits_per_second":	25004848.588484522,
				"packets":	2233,
				"omitted":	false,
				"sender":	true
			}
		}, {
			"streams":	[{
					"socket":	5,
					"start":	12.001336,
					"end":	13.001521,
					"seconds":	1.0001850128173828,
					"bytes":	3123400,
					"bits_per_second":	24982577.9028767,
					"packets":	2232,
					"omitted":	false,
					"sender":	true
				}],
			"sum":	{
				"start":	12.001336,
				"end":	13.001521,
				"seconds":	1.0001850128173828,
				"bytes":	3123400,
				"bits_per_second":	24982577.9028767,
				"packets":	2232,
				"omitted":	false,
				"sender":	true
			}
		}, {
			"streams":	[{
					"socket":	5,
					"start":	13.001521,
					"end":	14.000032,
					"seconds":	0.998511016368866,
					"bytes":	3122000,
					"bits_per_second":	25013244.311341144,
					"packets":	2229,
					"omitted":	false,
					"sender":	true
				}],
			"sum":	{
				"start":	13.001521,
				"end":	14.000032,
				"seconds":	0.998511016368866,
				"bytes":	3122000,
				"bits_per_second":	25013244.311341144,
				"packets":	2229,
				"omitted":	false,
				"sender":	true
			}
		}, {
			"streams":	[{
					"socket":	5,
					"start":	14.000032,
					"end":	15.001405,
					"seconds":	1.0013730525970459,
					"bytes":	3127600,
					"bits_per_second":	24986492.231949855,
					"packets":	2235,
					"omitted":	false,
					"sender":	true
				}],